Index,Num_c,SMILES,cid,iupac_name,molecular_weight,molecular_formula,complexity,rotatable_bond_count,heavy_atom_count,xlogp,Chloride_CAS,Bromide_CAS,Iodide_CAS,Fluoride_CAS,gap,predicted_gap
1,4,C[N+](C)(C)C,6380.0,tetramethylazanium,74.14,C4H12N+,19.0,0.0,5.0,0.3,"75-57-0, 200-880-8, 9050-97-9","64-20-0, 200-581-2","75-58-1, 200-881-3","373-68-2, 206-769-0, 99678-28-1",10.096,8.934622764587402
2,5,CC[N+](C)(C)C,33993.0,ethyl(trimethyl)azanium,88.17,C5H14N+,33.0,1.0,6.0,0.6,"27697-51-4, 608-133-1",2650-77-3,51-93-4,,9.051,8.71216869354248
3,6,CCC[N+](C)(C)C,29385.0,trimethyl(propyl)azanium,102.2,C6H16N+,42.0,2.0,7.0,1.2,"2877-24-9, 608-246-6",2650-50-2,19014-03-0,,8.06,8.235021591186523
4,6,CC[N+](C)(C)CC,199517.0,diethyl(dimethyl)azanium,102.2,C6H16N+,42.0,2.0,7.0,1.0,"29508-45-0, 608-367-4",20109-38-0,4325-24-0,,9.022,8.819104194641113
5,7,CC(C)C[N+](C)(C)C,15919129.0,trimethyl(2-methylpropyl)azanium,116.22,C7H18N+,59.0,2.0,8.0,1.6,,79859-70-4,,,7.976,7.96536922454834
6,7,CCCC[N+](C)(C)C,24399.0,butyl(trimethyl)azanium,116.22,C7H18N+,51.0,3.0,8.0,1.5,14251-72-0,2650-51-3,7722-19-2,,7.426,7.747019290924072
7,7,CCC[N+](C)(C)CC,158452.0,ethyl-dimethyl-propylazanium,116.22,C7H18N+,57.0,3.0,8.0,1.5,,"283-728-3, 84697-18-7",,,8.261,8.314270973205566
8,7,CC[N+](C)(CC)CC,70440.0,triethyl(methyl)azanium,116.22,C7H18N+,47.0,3.0,8.0,1.4,"10052-47-8, 600-107-8","220-282-0, 2700-16-5",994-29-6,,9.115,8.825321197509766
9,8,CC(C)(C)C[N+](C)(C)C,417944.0,"2,2-dimethylpropyl(trimethyl)azanium",130.25,C8H20N+,81.0,2.0,9.0,2.0,,,26154-20-1,,7.674,7.720820426940918
10,8,CC(C)CC[N+](C)(C)C,417981.0,trimethyl(3-methylbutyl)azanium,130.25,C8H20N+,69.0,3.0,9.0,2.0,,74710-14-8,,,7.313,7.497465133666992
11,8,CCC(C)C[N+](C)(C)C,20603117.0,trimethyl(2-methylbutyl)azanium,130.25,C8H20N+,71.0,3.0,9.0,2.0,,,,,7.467,7.872102737426758
12,8,CCCCC[N+](C)(C)C,9022.0,trimethyl(pentyl)azanium,130.25,C8H20N+,61.0,4.0,9.0,2.1,26119-36-8,150-98-1,19109-66-1,,6.711,7.070796012878418
13,8,CCCC[N+](C)(C)CC,14022617.0,butyl-ethyl-dimethylazanium,130.25,C8H20N+,67.0,4.0,9.0,1.9,,,,,7.567,7.774417877197266
14,8,CCC[N+](C)(C)CCC,9989306.0,dimethyl(dipropyl)azanium,130.25,C8H20N+,59.0,4.0,9.0,2.1,,"610-854-1, 52509-52-1",,,8.227,8.407060623168945
15,8,CCC[N+](C)(CC)CC,4167058.0,diethyl-methyl-propylazanium,130.25,C8H20N+,65.0,4.0,9.0,1.9,,"273-956-1, 69286-10-8",,,8.47,8.510711669921875
16,8,CC[N+](C)(C)CC(C)C,419881.0,ethyl-dimethyl-(2-methylpropyl)azanium,130.25,C8H20N+,74.0,3.0,9.0,2.0,,,,,8.14,8.072318077087402
17,8,CC[N+](CC)(CC)CC,5413.0,tetraethylazanium,130.25,C8H20N+,47.0,4.0,9.0,1.7,"56-34-8, 200-267-5","71-91-0, 200-769-4","68-05-3, 200-676-9","211-559-7, 665-46-3",8.96,8.958696365356445
18,9,CC(C)CCC[N+](C)(C)C,58070799.0,trimethyl(4-methylpentyl)azanium,144.28,C9H22N+,79.0,4.0,10.0,2.3,,,,,7.027,7.302925586700439
19,9,CCC(C)(C)C[N+](C)(C)C,53869132.0,"2,2-dimethylbutyl(trimethyl)azanium",144.28,C9H22N+,97.0,3.0,10.0,2.4,,,,,7.322,7.445110321044922
20,9,CCC(C)CC[N+](C)(C)C,23522030.0,trimethyl(3-methylpentyl)azanium,144.28,C9H22N+,81.0,4.0,10.0,2.5,,,,,6.948,7.199984550476074
21,9,CCC(C)C[N+](C)(C)CC,59180634.0,ethyl-dimethyl-(2-methylbutyl)azanium,144.28,C9H22N+,86.0,4.0,10.0,2.3,,,,,7.716,7.842474937438965
22,9,CCCC(C)C[N+](C)(C)C,53884774.0,trimethyl(2-methylpentyl)azanium,144.28,C9H22N+,81.0,4.0,10.0,2.5,,,,,6.97,7.419773101806641
23,9,CCCCCC[N+](C)(C)C,84774.0,hexyl(trimethyl)azanium,144.28,C9H22N+,71.0,5.0,10.0,2.6,29801-86-3,2650-53-5,15066-77-0,,6.452,6.658934116363525
24,9,CCCCC[N+](C)(C)CC,23088838.0,ethyl-dimethyl-pentylazanium,144.28,C9H22N+,76.0,5.0,10.0,2.4,,,,,7.054,7.369786262512207
25,9,CCCC[N+](C)(C)CCC,23088837.0,butyl-dimethyl-propylazanium,144.28,C9H22N+,76.0,5.0,10.0,2.4,,,,,7.771,8.087544441223145
26,9,CCCC[N+](C)(CC)CC,23393389.0,butyl-diethyl-methylazanium,144.28,C9H22N+,74.0,5.0,10.0,2.3,,,,,7.925,8.066095352172852
27,9,CCC[N+](C)(C)CC(C)C,21344279.0,dimethyl-(2-methylpropyl)-propylazanium,144.28,C9H22N+,84.0,4.0,10.0,2.5,,92623-29-5,,,8.111,8.02475643157959
28,9,CCC[N+](C)(CC)CCC,20376278.0,ethyl-methyl-dipropylazanium,144.28,C9H22N+,72.0,5.0,10.0,2.4,,,,,8.287,8.363509178161621
29,9,CCC[N+](CC)(CC)CC,77853.0,triethyl(propyl)azanium,144.28,C9H22N+,66.0,5.0,10.0,2.3,88071-67-4,13028-68-7,4186-67-8,,8.434,8.368768692016602
30,9,CC[N+](C)(C)CC(C)(C)C,143150980.0,"2,2-dimethylpropyl-ethyl-dimethylazanium",144.28,C9H22N+,97.0,3.0,10.0,2.4,,,,,7.826,7.698095321655273
31,9,CC[N+](C)(C)CCC(C)C,123150227.0,ethyl-dimethyl-(3-methylbutyl)azanium,144.28,C9H22N+,84.0,4.0,10.0,2.3,,,,,7.669,7.749086380004883
32,9,CC[N+](C)(CC)CC(C)C,87916176.0,diethyl-methyl-(2-methylpropyl)azanium,144.28,C9H22N+,82.0,4.0,10.0,2.3,,,,,8.339,8.203971862792969
33,10,CC(C)C(C)(C)C[N+](C)(C)C,158484685.0,"trimethyl(2,2,3-trimethylbutyl)azanium",158.3,C10H24N+,117.0,3.0,11.0,2.8,,,,,7.056,7.21950626373291
34,10,CC(C)CCCC[N+](C)(C)C,59594240.0,trimethyl(5-methylhexyl)azanium,158.3,C10H24N+,89.0,5.0,11.0,2.9,,,,,6.316,6.545207977294922
35,10,CC(C)C[N+](C)(C)CC(C)C,12446313.0,dimethyl-bis(2-methylpropyl)azanium,158.3,C10H24N+,91.0,4.0,11.0,2.9,,,123755-68-0,,8.051,7.922545433044434
37,10,CCC(C)CCC[N+](C)(C)C,23561620.0,trimethyl(4-methylhexyl)azanium,158.3,C10H24N+,91.0,5.0,11.0,2.9,,,,,6.2,6.538695335388184
38,10,CCC(C)CC[N+](C)(C)CC,147254608.0,ethyl-dimethyl-(3-methylpentyl)azanium,158.3,C10H24N+,97.0,5.0,11.0,2.9,,,,,7.1,7.333956718444824
40,10,CCCC(C)(C)C[N+](C)(C)C,152646893.0,"2,2-dimethylpentyl(trimethyl)azanium",158.3,C10H24N+,109.0,4.0,11.0,2.9,,,,,6.82,7.159856796264648
41,10,CCCC(C)CC[N+](C)(C)C,19880246.0,trimethyl(3-methylhexyl)azanium,158.3,C10H24N+,91.0,5.0,11.0,3.1,,,,,6.611,6.8366546630859375
42,10,CCCC(C)C[N+](C)(C)CC,169831593.0,ethyl-dimethyl-(2-methylpentyl)azanium,158.3,C10H24N+,97.0,5.0,11.0,2.9,,,,,7.321,7.375439643859863
43,10,CCCCC(C)C[N+](C)(C)C,13110426.0,trimethyl(2-methylhexyl)azanium,158.3,C10H24N+,91.0,5.0,11.0,3.1,,,,,6.865,7.120847702026367
44,10,CCCCCCC[N+](C)(C)C,30142.0,heptyl(trimethyl)azanium,158.3,C10H24N+,81.0,6.0,11.0,3.7,,,20395-56-6,,6.421,6.706720352172852
45,10,CCCCCC[N+](C)(C)CC,11593475.0,ethyl-hexyl-dimethylazanium,158.3,C10H24N+,86.0,6.0,11.0,3.0,,,,,6.939,7.164371490478516
46,10,CCCCC[N+](C)(C)CCC,23088871.0,dimethyl-pentyl-propylazanium,158.3,C10H24N+,86.0,6.0,11.0,3.0,,,,,7.375,7.578423500061035
47,10,CCCCC[N+](C)(CC)CC,23088876.0,diethyl-methyl-pentylazanium,158.3,C10H24N+,84.0,6.0,11.0,2.8,,,,,7.379,7.542172431945801
48,10,CCCC[N+](C)(C)CC(C)C,22044341.0,butyl-dimethyl-(2-methylpropyl)azanium,158.3,C10H24N+,95.0,5.0,11.0,2.9,,,,,7.838,7.839003562927246
49,10,CCCC[N+](C)(C)CCCC,18615673.0,dibutyl(dimethyl)azanium,158.3,C10H24N+,76.0,6.0,11.0,2.8,,115984-63-9,61134-94-9,,7.785,7.816280364990234
50,10,CCCC[N+](C)(CC)CCC,20268953.0,butyl-ethyl-methyl-propylazanium,158.3,C10H24N+,90.0,6.0,11.0,2.8,,,,,8.079,7.915558815002441
51,10,CCCC[N+](CC)(CC)CC,45719.0,butyl(triethyl)azanium,158.3,C10H24N+,76.0,6.0,11.0,2.6,24344-65-8,13028-69-8,4186-63-4,,8.095,8.296483039855957
52,10,CCC[N+](C)(C)CC(C)(C)C,90225462.0,"2,2-dimethylpropyl-dimethyl-propylazanium",158.3,C10H24N+,109.0,4.0,11.0,2.9,,,,,7.919,7.86685848236084
53,10,CCC[N+](C)(C)CC(C)CC,18715935.0,dimethyl-(2-methylbutyl)-propylazanium,158.3,C10H24N+,97.0,5.0,11.0,2.9,,,,,7.595,7.636430740356445
54,10,CCC[N+](C)(C)CCC(C)C,90967482.0,dimethyl-(3-methylbutyl)-propylazanium,158.3,C10H24N+,95.0,5.0,11.0,2.9,,,,,7.59,7.620850563049316
55,10,CCC[N+](C)(CC)CC(C)C,44719323.0,,,,,,,,,,,,8.441,8.08733081817627
56,10,CCC[N+](C)(CCC)CCC,77068.0,methyl(tripropyl)azanium,158.3,C10H24N+,71.0,6.0,11.0,3.0,75373-66-9,61175-75-5,3531-14-4,,8.554,8.310507774353027
57,10,CCC[N+](CC)(CC)CCC,13879586.0,,,,,,,,,71095-63-1,,,8.534,8.400760650634766
58,10,CC[N+](C)(C)CCCC(C)C,15636631.0,ethyl-dimethyl-(4-methylpentyl)azanium,158.3,C10H24N+,95.0,5.0,11.0,2.7,,,,,7.211,7.419427871704102
60,10,CC[N+](C)(CC)CCC(C)C,59061293.0,diethyl-methyl-(3-methylbutyl)azanium,158.3,C10H24N+,93.0,5.0,11.0,2.7,,,,,7.607,7.655241966247559
61,10,CC[N+](CC)(CC)CC(C)C,13513450.0,triethyl(2-methylpropyl)azanium,158.3,C10H24N+,84.0,5.0,11.0,2.7,,,,,8.406,8.27442741394043
62,11,CC(C)CCCCC[N+](C)(C)C,54390726.0,trimethyl(6-methylheptyl)azanium,172.33,C11H26N+,100.0,6.0,12.0,3.4,,,,,6.041,6.645551681518555
63,11,CC(C)CC[N+](C)(C)CC(C)C,168144637.0,dimethyl-(3-methylbutyl)-(2-methylpropyl)azanium,172.33,C11H26N+,114.0,5.0,12.0,3.3,,,,,7.562,7.629347324371338
66,11,CCC(C)C(C)(C)C[N+](C)(C)C,148436643.0,"trimethyl(2,2,3-trimethylpentyl)azanium",172.33,C11H26N+,130.0,4.0,12.0,3.3,,,,,6.915,7.124028205871582
69,11,CCC(C)CC[N+](C)(CC)CC,155157986.0,diethyl-methyl-(3-methylpentyl)azanium,172.33,C11H26N+,106.0,6.0,12.0,3.2,,,,,7.427,7.449984550476074
70,11,CCC(C)C[N+](C)(C)CC(C)C,146880729.0,dimethyl-(2-methylbutyl)-(2-methylpropyl)azanium,172.33,C11H26N+,116.0,5.0,12.0,3.3,,,,,7.591,7.602805137634277
71,11,CCC(C)C[N+](CC)(CC)CC,13426949.0,triethyl(2-methylbutyl)azanium,172.33,C11H26N+,97.0,6.0,12.0,3.1,,,,,8.073,7.916486740112305
72,11,CCCC(C)(C)C[N+](C)(C)CC,171625777.0,"2,2-dimethylpentyl-ethyl-dimethylazanium",172.33,C11H26N+,125.0,5.0,12.0,3.3,,,,,7.252,7.311707973480225
73,11,CCCC(C)CCC[N+](C)(C)C,123879569.0,trimethyl(4-methylheptyl)azanium,172.33,C11H26N+,102.0,6.0,12.0,3.4,,,,,6.208,6.506531238555908
77,11,CCCCC(C)(C)C[N+](C)(C)C,149322603.0,"2,2-dimethylhexyl(trimethyl)azanium",172.33,C11H26N+,119.0,5.0,12.0,3.4,,,,,6.563,6.903268814086914
78,11,CCCCC(C)CC[N+](C)(C)C,157074067.0,trimethyl(3-methylheptyl)azanium,172.33,C11H26N+,102.0,6.0,12.0,3.6,,,,,6.358,6.634784698486328
80,11,CCCCCC(C)C[N+](C)(C)C,89351182.0,trimethyl(2-methylheptyl)azanium,172.33,C11H26N+,102.0,6.0,12.0,3.6,,,,,6.187,6.471304893493652
81,11,CCCCCCCC[N+](C)(C)C,24950.0,trimethyl(octyl)azanium,172.33,C11H26N+,91.0,7.0,12.0,4.2,10108-86-8,2083-68-3,14251-76-4,,6.009,6.358600616455078
82,11,CCCCCCC[N+](C)(C)CC,23088859.0,ethyl-heptyl-dimethylazanium,172.33,C11H26N+,97.0,7.0,12.0,3.5,,,,,6.395,6.6955647468566895
83,11,CCCCCC[N+](C)(C)CCC,23088822.0,hexyl-dimethyl-propylazanium,172.33,C11H26N+,97.0,7.0,12.0,3.5,,,,,6.967,7.238745212554932
84,11,CCCCCC[N+](C)(CC)CC,11672744.0,diethyl-hexyl-methylazanium,172.33,C11H26N+,95.0,7.0,12.0,3.3,,,,,7.266,7.4613800048828125
86,11,CCCCC[N+](C)(C)CCCC,53780101.0,butyl-dimethyl-pentylazanium,172.33,C11H26N+,97.0,7.0,12.0,3.3,62570-49-4,,,,7.261,7.490193367004394
87,11,CCCCC[N+](C)(CC)CCC,23088854.0,ethyl-methyl-pentyl-propylazanium,172.33,C11H26N+,101.0,7.0,12.0,3.3,,,,,7.375,7.560525894165039
88,11,CCCCC[N+](CC)(CC)CC,152429.0,triethyl(pentyl)azanium,172.33,C11H26N+,86.0,7.0,12.0,3.2,,13028-70-1,21735-95-5,,7.521,7.692045211791992
89,11,CCCC[N+](C)(C)CC(C)(C)C,123234305.0,"butyl-(2,2-dimethylpropyl)-dimethylazanium",172.33,C11H26N+,119.0,5.0,12.0,3.3,,,,,7.649,7.696317672729492
90,11,CCCC[N+](C)(C)CC(C)CC,88981039.0,butyl-dimethyl-(2-methylbutyl)azanium,172.33,C11H26N+,108.0,6.0,12.0,3.2,,,,,7.677,7.662117004394531
91,11,CCCC[N+](C)(C)CCC(C)C,123373067.0,butyl-dimethyl-(3-methylbutyl)azanium,172.33,C11H26N+,106.0,6.0,12.0,3.2,,,,,7.549,7.501138687133789
93,11,CCCC[N+](C)(CC)CCCC,22487000.0,dibutyl-ethyl-methylazanium,172.33,C11H26N+,91.0,7.0,12.0,3.1,,,,,8.03,7.886988639831543
94,11,CCCC[N+](C)(CCC)CCC,87509031.0,butyl-methyl-dipropylazanium,172.33,C11H26N+,93.0,7.0,12.0,3.3,,,,,7.833,7.86589241027832
95,11,CCCC[N+](CC)(CC)CCC,5249160.0,butyl-diethyl-propylazanium,172.33,C11H26N+,95.0,7.0,12.0,3.2,,,,,8.032,8.08022689819336
97,11,CCC[N+](C)(C)CCC(C)CC,88872659.0,dimethyl-(3-methylpentyl)-propylazanium,172.33,C11H26N+,108.0,6.0,12.0,3.4,,,,,7.186,7.383614540100098
98,11,CCC[N+](C)(C)CCCC(C)C,15636633.0,dimethyl-(4-methylpentyl)-propylazanium,172.33,C11H26N+,106.0,6.0,12.0,3.2,,,,,7.164,7.345946311950684
100,11,CCC[N+](C)(CC)CC(C)CC,90726542.0,ethyl-methyl-(2-methylbutyl)-propylazanium,172.33,C11H26N+,112.0,6.0,12.0,3.2,,,,,7.801,7.884652137756348
101,11,CCC[N+](C)(CC)CCC(C)C,177124344.0,ethyl-methyl-(3-methylbutyl)-propylazanium,172.33,C11H26N+,110.0,6.0,12.0,3.2,,,,,7.641,7.726384162902832
104,11,CCC[N+](CC)(CCC)CCC,417995.0,ethyl(tripropyl)azanium,172.33,C11H26N+,82.0,7.0,12.0,3.3,58877-74-0,61175-76-6,"679-912-1, 15066-80-5",,7.724,8.300700187683105
107,11,CC[N+](C)(CC(C)C)CC(C)C,85967981.0,ethyl-methyl-bis(2-methylpropyl)azanium,172.33,C11H26N+,106.0,5.0,12.0,3.3,,,,,8.203,7.910419464111328
108,11,CC[N+](C)(CC)CCCC(C)C,140874558.0,diethyl-methyl-(4-methylpentyl)azanium,172.33,C11H26N+,104.0,6.0,12.0,3.1,,,,,7.117,7.316801071166992
109,11,CC[N+](CC)(CC)CC(C)(C)C,101571593.0,"2,2-dimethylpropyl(triethyl)azanium",172.33,C11H26N+,109.0,5.0,12.0,3.1,,,,,8.141,8.264567375183105
110,11,CC[N+](CC)(CC)CCC(C)C,88868799.0,triethyl(3-methylbutyl)azanium,172.33,C11H26N+,95.0,6.0,12.0,3.1,,,,,7.694,7.828398704528809
111,12,CC(C)(C)C[N+](C)(C)CC(C)(C)C,22385960.0,"bis(2,2-dimethylpropyl)-dimethylazanium",186.36,C12H28N+,137.0,4.0,13.0,3.7,,,,,7.672,7.609653472900391
112,12,CC(C)CCC[N+](C)(C)CC(C)C,15636639.0,dimethyl-(4-methylpentyl)-(2-methylpropyl)azanium,186.36,C12H28N+,125.0,6.0,13.0,3.7,,,,,7.16,7.491517543792725
114,12,CC(C)CC[N+](C)(C)CCC(C)C,58574232.0,dimethyl-bis(3-methylbutyl)azanium,186.36,C12H28N+,111.0,6.0,13.0,3.7,,,,,7.58,7.545924663543701
116,12,CCC(C)(C)C[N+](CC)(CC)CC,141911261.0,"2,2-dimethylbutyl(triethyl)azanium",186.36,C12H28N+,126.0,6.0,13.0,3.5,,,,,7.733,7.711198806762695
121,12,CCC(C)CC[N+](CC)(CC)CC,124171270.0,triethyl(3-methylpentyl)azanium,186.36,C12H28N+,108.0,7.0,13.0,3.6,,,,,7.493,7.541899681091309
122,12,CCC(C)C[N+](C)(C)CC(C)(C)C,123931432.0,"2,2-dimethylpropyl-dimethyl-(2-methylbutyl)azanium",186.36,C12H28N+,142.0,5.0,13.0,3.7,,,,,7.478,7.618768692016602
123,12,CCC(C)C[N+](C)(C)CC(C)CC,53930784.0,dimethyl-bis(2-methylbutyl)azanium,186.36,C12H28N+,115.0,6.0,13.0,3.7,,,,,7.654,7.525973320007324
135,12,CCCCC(C)CC[N+](C)(C)CC,123299227.0,ethyl-dimethyl-(3-methylheptyl)azanium,186.36,C12H28N+,118.0,7.0,13.0,4.0,,,,,6.449,6.647121429443359
139,12,CCCCCCCCC[N+](C)(C)C,37620.0,trimethyl(nonyl)azanium,186.36,C12H28N+,102.0,8.0,13.0,5.0,58828-83-4,1943-11-9,37074-52-5,,5.721,6.343805313110352
140,12,CCCCCCCC[N+](C)(C)CC,57314278.0,ethyl-dimethyl-octylazanium,186.36,C12H28N+,108.0,8.0,13.0,4.1,,,,,5.949,6.400040149688721
141,12,CCCCCCC[N+](C)(C)CCC,23088846.0,heptyl-dimethyl-propylazanium,186.36,C12H28N+,108.0,8.0,13.0,4.0,,,,,6.433,6.6389360427856445
142,12,CCCCCCC[N+](C)(CC)CC,23088836.0,diethyl-heptyl-methylazanium,186.36,C12H28N+,106.0,8.0,13.0,3.9,,,,,6.69,6.751280784606934
143,12,CCCCCC[N+](C)(C)CC(C)C,148222309.0,hexyl-dimethyl-(2-methylpropyl)azanium,186.36,C12H28N+,116.0,7.0,13.0,3.9,,,,,6.868,7.236058712005615
144,12,CCCCCC[N+](C)(C)CCCC,23088839.0,butyl-hexyl-dimethylazanium,186.36,C12H28N+,108.0,8.0,13.0,3.9,,157986-16-8,,,6.82,7.275346755981445
145,12,CCCCCC[N+](C)(CC)CCC,87446870.0,ethyl-hexyl-methyl-propylazanium,186.36,C12H28N+,112.0,8.0,13.0,3.9,,,,,6.877,7.123546600341797
146,12,CCCCCC[N+](CC)(CC)CC,193021.0,triethyl(hexyl)azanium,186.36,C12H28N+,97.0,8.0,13.0,3.7,,"627-293-3, 13028-71-2",,,7.038,7.245200157165527
149,12,CCCCC[N+](C)(C)CCC(C)C,159915855.0,dimethyl-(3-methylbutyl)-pentylazanium,186.36,C12H28N+,116.0,7.0,13.0,3.8,,,,,7.308,7.54288387298584
150,12,CCCCC[N+](C)(C)CCCCC,11149782.0,dimethyl(dipentyl)azanium,186.36,C12H28N+,95.0,8.0,13.0,3.9,,700380-89-8,832721-28-5,,7.358,7.454253196716309
152,12,CCCCC[N+](C)(CC)CCCC,87508333.0,butyl-ethyl-methyl-pentylazanium,186.36,C12H28N+,112.0,8.0,13.0,3.7,,,,,7.458,7.524490833282471
153,12,CCCCC[N+](C)(CCC)CCC,23088840.0,methyl-pentyl-dipropylazanium,186.36,C12H28N+,104.0,8.0,13.0,3.9,,,,,7.477,7.579513549804687
154,12,CCCCC[N+](CC)(CC)CCC,23088853.0,diethyl-pentyl-propylazanium,186.36,C12H28N+,106.0,8.0,13.0,3.7,,,,,7.616,7.64243221282959
158,12,CCCC[N+](C)(C)CCCC(C)C,15636637.0,butyl-dimethyl-(4-methylpentyl)azanium,186.36,C12H28N+,116.0,7.0,13.0,3.6,,,,,7.135,7.353242874145508
162,12,CCCC[N+](C)(CCC)CC(C)C,20341239.0,butyl-methyl-(2-methylpropyl)-propylazanium,186.36,C12H28N+,120.0,7.0,13.0,3.8,,,,,8.025,7.939610481262207
163,12,CCCC[N+](C)(CCC)CCCC,87508941.0,dibutyl-methyl-propylazanium,186.36,C12H28N+,102.0,8.0,13.0,3.7,,,,,7.852,7.887450218200684
165,12,CCCC[N+](CC)(CC)CCCC,45730.0,dibutyl(diethyl)azanium,186.36,C12H28N+,95.0,8.0,13.0,3.5,,289885-08-1,861885-80-5,,7.999,7.953720092773437
166,12,CCCC[N+](CC)(CCC)CCC,87824094.0,butyl-ethyl-dipropylazanium,186.36,C12H28N+,104.0,8.0,13.0,3.7,,,,,8.225,7.966534614562988
169,12,CCC[N+](C)(C)CCCCC(C)C,157100785.0,dimethyl-(5-methylhexyl)-propylazanium,186.36,C12H28N+,116.0,7.0,13.0,3.8,,,,,6.727,6.99222469329834
175,12,CCC[N+](C)(CCC)CC(C)CC,139247008.0,methyl-(2-methylbutyl)-dipropylazanium,186.36,C12H28N+,114.0,7.0,13.0,3.8,,,,,7.841,7.867232322692871
179,12,CCC[N+](CC)(CC)CCC(C)C,177124330.0,diethyl-(3-methylbutyl)-propylazanium,186.36,C12H28N+,114.0,7.0,13.0,3.6,,,,,7.819,7.765612602233887
180,12,CCC[N+](CC)(CCC)CC(C)C,87478720.0,ethyl-(2-methylpropyl)-dipropylazanium,186.36,C12H28N+,112.0,7.0,13.0,3.8,,,,,8.364,8.10802936553955
181,12,CCC[N+](CCC)(CCC)CCC,9559.0,tetrapropylazanium,186.36,C12H28N+,80.0,8.0,13.0,3.9,"227-375-5, 5810-42-4","217-727-6, 1941-30-6","631-40-3, 211-157-1",7217-93-8,8.383,8.224852561950684
187,12,CC[N+](CC)(CC(C)C)CC(C)C,117974218.0,diethyl-bis(2-methylpropyl)azanium,186.36,C12H28N+,111.0,6.0,13.0,3.7,,,,,8.344,8.112361907958984
188,12,CC[N+](CC)(CC)CCCC(C)C,122449059.0,triethyl(4-methylpentyl)azanium,186.36,C12H28N+,106.0,7.0,13.0,3.4,,,,,7.208,7.596016883850098
191,13,CC(C)CCC[N+](C)(C)CCC(C)C,15636643.0,dimethyl-(3-methylbutyl)-(4-methylpentyl)azanium,200.38,C13H30N+,136.0,7.0,14.0,4.0,,,,,,7.366218566894531
193,13,CC(C)C[N+](C)(CC(C)C)CC(C)C,11187184.0,methyl-tris(2-methylpropyl)azanium,200.38,C13H30N+,121.0,6.0,14.0,4.3,123617-55-0,,,,,8.06187915802002
231,13,CCCCC(C)C[N+](C)(CC)CCC,149590417.0,ethyl-methyl-(2-methylhexyl)-propylazanium,200.38,C13H30N+,133.0,8.0,14.0,4.3,,,,,,7.207660675048828
232,13,CCCCC(C)C[N+](CC)(CC)CC,154000463.0,triethyl(2-methylhexyl)azanium,200.38,C13H30N+,119.0,8.0,14.0,4.2,,,,,,7.270564556121826
235,13,CCCCCCCCCC[N+](C)(C)C,16389.0,decyl(trimethyl)azanium,200.38,C13H30N+,113.0,9.0,14.0,5.3,"10108-87-9, 233-299-3","2082-84-0, 218-219-7",7447-24-7,,,6.3415632247924805
236,13,CCCCCCCCC[N+](C)(C)CC,23088850.0,ethyl-dimethyl-nonylazanium,200.38,C13H30N+,118.0,9.0,14.0,4.6,,,,,,6.486841201782227
237,13,CCCCCCCC[N+](C)(C)CCC,54512768.0,dimethyl-octyl-propylazanium,200.38,C13H30N+,118.0,9.0,14.0,4.6,,,,,,6.742610454559326
238,13,CCCCCCCC[N+](C)(CC)CC,23148562.0,diethyl-methyl-octylazanium,200.38,C13H30N+,116.0,9.0,14.0,4.4,,,,,,6.610786437988281
240,13,CCCCCCC[N+](C)(C)CCCC,23088855.0,butyl-heptyl-dimethylazanium,200.38,C13H30N+,118.0,9.0,14.0,4.4,,,,,,6.9908552169799805
242,13,CCCCCCC[N+](CC)(CC)CC,14389559.0,triethyl(heptyl)azanium,200.38,C13H30N+,108.0,9.0,14.0,4.3,62977-86-0,,,,,6.95263671875
245,13,CCCCCC[N+](C)(C)CCC(C)C,159915856.0,hexyl-dimethyl-(3-methylbutyl)azanium,200.38,C13H30N+,127.0,8.0,14.0,4.3,,,,,,7.343048095703125
246,13,CCCCCC[N+](C)(C)CCCCC,23088834.0,hexyl-dimethyl-pentylazanium,200.38,C13H30N+,118.0,9.0,14.0,4.4,,,,,,7.345148086547852
248,13,CCCCCC[N+](C)(CC)CCCC,57165305.0,butyl-ethyl-hexyl-methylazanium,200.38,C13H30N+,122.0,9.0,14.0,4.2,,,,,,7.448552131652832
249,13,CCCCCC[N+](C)(CCC)CCC,87508855.0,hexyl-methyl-dipropylazanium,200.38,C13H30N+,114.0,9.0,14.0,4.4,,,,,,7.472516059875488
250,13,CCCCCC[N+](CC)(CC)CCC,153996761.0,diethyl-hexyl-propylazanium,200.38,C13H30N+,116.0,9.0,14.0,4.2,,,,,,7.393200874328613
254,13,CCCCC[N+](C)(C)CCCC(C)C,161625669.0,dimethyl-(4-methylpentyl)-pentylazanium,200.38,C13H30N+,127.0,8.0,14.0,4.1,,,,,,7.387273788452148
258,13,CCCCC[N+](C)(CC)CCCCC,57048141.0,ethyl-methyl-dipentylazanium,200.38,C13H30N+,110.0,9.0,14.0,4.2,,,,,,7.678484916687012
260,13,CCCCC[N+](C)(CCC)CCCC,87508327.0,butyl-methyl-pentyl-propylazanium,200.38,C13H30N+,122.0,9.0,14.0,4.2,,,,,,7.854622840881348
262,13,CCCCC[N+](CC)(CC)CCCC,118020623.0,butyl-diethyl-pentylazanium,200.38,C13H30N+,116.0,9.0,14.0,4.1,,,,,,7.584465026855469
263,13,CCCCC[N+](CC)(CCC)CCC,118020792.0,ethyl-pentyl-dipropylazanium,200.38,C13H30N+,114.0,9.0,14.0,4.2,,,,,,7.8492841720581055
268,13,CCCC[N+](C)(C)CCCCC(C)C,157100786.0,butyl-dimethyl-(5-methylhexyl)azanium,200.38,C13H30N+,127.0,8.0,14.0,4.1,,,,,,7.106960296630859
274,13,CCCC[N+](C)(CCC)CC(C)(C)C,172207345.0,"butyl-(2,2-dimethylpropyl)-methyl-propylazanium",200.38,C13H30N+,146.0,7.0,14.0,4.2,,,,,,7.841772079467773
278,13,CCCC[N+](C)(CCCC)CCCC,36209.0,tributyl(methyl)azanium,200.38,C13H30N+,98.0,9.0,14.0,4.0,"56375-79-2, 260-135-8","253-313-1, 37026-88-3","3085-79-8, 221-402-4",60435-95-2,,7.886100769042969
283,13,CCCC[N+](CC)(CCC)CCCC,5257973.0,dibutyl-ethyl-propylazanium,200.38,C13H30N+,112.0,9.0,14.0,4.0,,,,,,8.004064559936523
284,13,CCCC[N+](CCC)(CCC)CCC,19180.0,butyl(tripropyl)azanium,200.38,C13H30N+,103.0,9.0,14.0,4.2,186033-08-9,"262-637-2, 61175-77-7",3593-24-6,,,8.018899917602539
304,13,CCC[N+](CCC)(CCC)CC(C)C,18761864.0,2-methylpropyl(tripropyl)azanium,200.38,C13H30N+,112.0,8.0,14.0,4.3,,,,,,8.146112442016602
305,13,CC[N+](C)(CC(C)(C)C)CC(C)(C)C,126641745.0,"bis(2,2-dimethylpropyl)-ethyl-methylazanium",200.38,C13H30N+,153.0,5.0,14.0,4.1,,,,,,7.782343864440918
312,13,CC[N+](CC)(CC)CCCCC(C)C,141658702.0,triethyl(5-methylhexyl)azanium,200.38,C13H30N+,117.0,8.0,14.0,4.0,,,,,,7.105218887329102
318,14,CC(C)CCC[N+](C)(C)CCCC(C)C,86159926.0,dimethyl-bis(4-methylpentyl)azanium,214.41,C14H32N+,131.0,8.0,15.0,4.4,,,,,,7.494277954101562
330,14,CCC(C)CCCC[N+](CC)(CC)CC,170310929.0,triethyl(5-methylheptyl)azanium,214.41,C14H32N+,130.0,9.0,15.0,4.5,,,,,,6.93142032623291
376,14,CCCCC(C)(C)C[N+](C)(C)CCCC,163469227.0,"butyl-(2,2-dimethylhexyl)-dimethylazanium",214.41,C14H32N+,159.0,8.0,15.0,4.7,,,,,,7.52871036529541
394,14,CCCCCCCCCCC[N+](C)(C)C,5228566.0,trimethyl(undecyl)azanium,214.41,C14H32N+,124.0,10.0,15.0,5.3,,2650-58-0,,,,6.352058410644531
395,14,CCCCCCCCCC[N+](C)(C)CC,9974561.0,decyl-ethyl-dimethylazanium,214.41,C14H32N+,129.0,10.0,15.0,5.1,,,,,,6.429518699645996
396,14,CCCCCCCCC[N+](C)(C)CCC,54218218.0,dimethyl-nonyl-propylazanium,214.41,C14H32N+,129.0,10.0,15.0,5.1,,,,,,6.387714385986328
397,14,CCCCCCCCC[N+](C)(CC)CC,157866804.0,diethyl-methyl-nonylazanium,214.41,C14H32N+,127.0,10.0,15.0,5.0,,,,,,6.352047920227051
399,14,CCCCCCCC[N+](C)(C)CCCC,86022633.0,butyl-dimethyl-octylazanium,214.41,C14H32N+,129.0,10.0,15.0,4.9,,,,,,6.877822399139404
401,14,CCCCCCCC[N+](CC)(CC)CC,11411485.0,triethyl(octyl)azanium,214.41,C14H32N+,119.0,10.0,15.0,4.8,,13028-73-4,,,,6.8437700271606445
404,14,CCCCCCC[N+](C)(C)CCC(C)C,159915857.0,heptyl-dimethyl-(3-methylbutyl)azanium,214.41,C14H32N+,138.0,9.0,15.0,4.8,,,,,,7.320539474487305
405,14,CCCCCCC[N+](C)(C)CCCCC,87493941.0,heptyl-dimethyl-pentylazanium,214.41,C14H32N+,129.0,10.0,15.0,4.9,,,,,,7.308101654052734
407,14,CCCCCCC[N+](C)(CC)CCCC,146418800.0,butyl-ethyl-heptyl-methylazanium,214.41,C14H32N+,133.0,10.0,15.0,4.8,,,,,,7.079596519470215
413,14,CCCCCC[N+](C)(C)CCCC(C)C,161625670.0,hexyl-dimethyl-(4-methylpentyl)azanium,214.41,C14H32N+,138.0,9.0,15.0,4.7,,,,,,7.40248441696167
414,14,CCCCCC[N+](C)(C)CCCCCC,158284.0,dihexyl(dimethyl)azanium,214.41,C14H32N+,115.0,10.0,15.0,4.9,82941-31-9,,,,,7.415227890014648
418,14,CCCCCC[N+](C)(CC)CCCCC,87508057.0,ethyl-hexyl-methyl-pentylazanium,214.41,C14H32N+,133.0,10.0,15.0,4.8,,,,,,7.581199645996094
420,14,CCCCCC[N+](C)(CCC)CCCC,87507944.0,butyl-hexyl-methyl-propylazanium,214.41,C14H32N+,133.0,10.0,15.0,4.8,,,,,,7.435173988342285
422,14,CCCCCC[N+](CC)(CC)CCCC,153996762.0,butyl-diethyl-hexylazanium,214.41,C14H32N+,127.0,10.0,15.0,4.6,,,,,,7.636318206787109
423,14,CCCCCC[N+](CC)(CCC)CCC,153959332.0,ethyl-hexyl-dipropylazanium,214.41,C14H32N+,125.0,10.0,15.0,4.8,,,,,,7.476151466369629
429,14,CCCCC[N+](C)(C)CCCCC(C)C,157100787.0,dimethyl-(5-methylhexyl)-pentylazanium,214.41,C14H32N+,138.0,9.0,15.0,4.7,,,,,,7.332808494567871
437,14,CCCCC[N+](C)(CCC)CCC(C)C,164088703.0,methyl-(3-methylbutyl)-pentyl-propylazanium,214.41,C14H32N+,142.0,9.0,15.0,4.7,,,,,,7.836421012878418
438,14,CCCCC[N+](C)(CCC)CCCCC,87509148.0,methyl-dipentyl-propylazanium,214.41,C14H32N+,121.0,10.0,15.0,4.8,,,,,,7.864385604858398
440,14,CCCCC[N+](C)(CCCC)CCCC,21452154.0,dibutyl-methyl-pentylazanium,214.41,C14H32N+,123.0,10.0,15.0,4.6,,,,,,7.830781936645508
444,14,CCCCC[N+](CC)(CC)CCCCC,87534181.0,diethyl(dipentyl)azanium,214.41,C14H32N+,115.0,10.0,15.0,4.6,,,861885-81-6,,,7.610598564147949
446,14,CCCCC[N+](CC)(CCC)CCCC,71366278.0,butyl-ethyl-pentyl-propylazanium,214.41,C14H32N+,133.0,10.0,15.0,4.6,,,511271-73-1,,,7.887335777282715
447,14,CCCCC[N+](CCC)(CCC)CCC,20376265.0,pentyl(tripropyl)azanium,214.41,C14H32N+,114.0,10.0,15.0,4.8,1624317-14-1,,,,,7.89058780670166
465,14,CCCC[N+](C)(CCCC)CC(C)CC,166723465.0,dibutyl-methyl-(2-methylbutyl)azanium,214.41,C14H32N+,134.0,9.0,15.0,4.5,,,,,,7.677459716796875
475,14,CCCC[N+](CC)(CCCC)CC(C)C,87480563.0,dibutyl-ethyl-(2-methylpropyl)azanium,214.41,C14H32N+,132.0,9.0,15.0,4.5,,,,,,7.809778213500977
476,14,CCCC[N+](CC)(CCCC)CCCC,44528.0,tributyl(ethyl)azanium,214.41,C14H32N+,110.0,10.0,15.0,4.4,73586-07-9,37026-89-4,,,,8.090953826904297
478,14,CCCC[N+](CCC)(CCC)CCCC,20480844.0,dibutyl(dipropyl)azanium,214.41,C14H32N+,115.0,10.0,15.0,4.6,,,,,,8.12384033203125
511,14,CC[N+](CC(C)C)(CC(C)C)CC(C)C,117974310.0,ethyl-tris(2-methylpropyl)azanium,214.41,C14H32N+,132.0,7.0,15.0,4.6,,,,,,8.149141311645508
513,14,CC[N+](CC)(CC)CCCCCC(C)C,152651073.0,triethyl(6-methylheptyl)azanium,214.41,C14H32N+,128.0,9.0,15.0,4.5,,,,,,7.020284652709961
551,15,CCC(C)CC[N+](C)(CC)CCCC(C)C,123408627.0,ethyl-methyl-(3-methylpentyl)-(4-methylpentyl)azanium,228.44,C15H34N+,165.0,9.0,16.0,4.9,,,,,,7.463418006896973
634,15,CCCCCC(C)C[N+](C)(C)CC(C)CC,123829284.0,dimethyl-(2-methylbutyl)-(2-methylheptyl)azanium,228.44,C15H34N+,163.0,9.0,16.0,5.3,,,,,,7.066551208496094
641,15,CCCCCCCCCCCC[N+](C)(C)C,8153.0,dodecyl(trimethyl)azanium,228.44,C15H34N+,135.0,11.0,16.0,5.9,"112-00-5, 203-927-0","1119-94-4, 214-290-3","19014-04-1, 606-201-5",118936-21-3,,6.336091995239258
642,15,CCCCCCCCCCC[N+](C)(C)CC,90351725.0,ethyl-dimethyl-undecylazanium,228.44,C15H34N+,140.0,11.0,16.0,5.7,,68367-37-3,,,,6.498211860656738
643,15,CCCCCCCCCC[N+](C)(C)CCC,17915707.0,decyl-dimethyl-propylazanium,228.44,C15H34N+,140.0,11.0,16.0,5.7,,130986-43-5,131107-79-4,,,6.561717510223389
644,15,CCCCCCCCCC[N+](C)(CC)CC,10450839.0,decyl-diethyl-methylazanium,228.44,C15H34N+,138.0,11.0,16.0,5.5,85968-78-1,175917-34-7,169898-88-8,,,6.390848159790039
646,15,CCCCCCCCC[N+](C)(C)CCCC,87493295.0,butyl-dimethyl-nonylazanium,228.44,C15H34N+,140.0,11.0,16.0,5.5,,,,,,6.667352199554443
648,15,CCCCCCCCC[N+](CC)(CC)CC,2249305.0,triethyl(nonyl)azanium,228.44,C15H34N+,130.0,11.0,16.0,5.3,104513-50-0,13028-74-5,,,,6.708243370056152
651,15,CCCCCCCC[N+](C)(C)CCC(C)C,159915858.0,dimethyl-(3-methylbutyl)-octylazanium,228.44,C15H34N+,150.0,10.0,16.0,5.4,,,,,,6.864422798156738
652,15,CCCCCCCC[N+](C)(C)CCCCC,71346400.0,dimethyl-octyl-pentylazanium,228.44,C15H34N+,140.0,11.0,16.0,5.5,151645-62-4,,,,,6.779475212097168
654,15,CCCCCCCC[N+](C)(CC)CCCC,53833324.0,butyl-ethyl-methyl-octylazanium,228.44,C15H34N+,144.0,11.0,16.0,5.3,,,,,,6.9345316886901855
655,15,CCCCCCCC[N+](C)(CCC)CCC,143162850.0,methyl-octyl-dipropylazanium,228.44,C15H34N+,136.0,11.0,16.0,5.5,,,,,,6.899858474731445
660,15,CCCCCCC[N+](C)(C)CCCC(C)C,161625671.0,heptyl-dimethyl-(4-methylpentyl)azanium,228.44,C15H34N+,150.0,10.0,16.0,5.2,,,,,,7.245946884155273
661,15,CCCCCCC[N+](C)(C)CCCCCC,23094264.0,heptyl-hexyl-dimethylazanium,228.44,C15H34N+,140.0,11.0,16.0,5.5,,,,,,7.318500518798828
669,15,CCCCCCC[N+](CC)(CC)CCCC,87526431.0,butyl-diethyl-heptylazanium,228.44,C15H34N+,138.0,11.0,16.0,5.1,,,,,,7.260896682739258
670,15,CCCCCCC[N+](CC)(CCC)CCC,87089434.0,ethyl-heptyl-dipropylazanium,228.44,C15H34N+,136.0,11.0,16.0,5.3,,,,,,7.620343208312988
676,15,CCCCCC[N+](C)(C)CCCCC(C)C,153568186.0,hexyl-dimethyl-(5-methylhexyl)azanium,228.44,C15H34N+,150.0,10.0,16.0,5.2,,,,,,7.300408363342285
677,15,CCCCCC[N+](C)(CC(C)C)CC(C)C,176583041.0,hexyl-methyl-bis(2-methylpropyl)azanium,228.44,C15H34N+,151.0,9.0,16.0,5.3,,,,,,7.6411590576171875
682,15,CCCCCC[N+](C)(CC)CCCCCC,87507678.0,ethyl-dihexyl-methylazanium,228.44,C15H34N+,130.0,11.0,16.0,5.3,,,,,,7.571157455444336
686,15,CCCCCC[N+](C)(CCC)CCCCC,87507746.0,hexyl-methyl-pentyl-propylazanium,228.44,C15H34N+,144.0,11.0,16.0,5.3,,,,,,7.48689079284668
688,15,CCCCCC[N+](C)(CCCC)CCCC,23088868.0,dibutyl-hexyl-methylazanium,228.44,C15H34N+,134.0,11.0,16.0,5.1,,,,,,7.73609733581543
692,15,CCCCCC[N+](CC)(CC)CCCCC,175075511.0,diethyl-hexyl-pentylazanium,228.44,C15H34N+,138.0,11.0,16.0,5.1,,,,,,7.543636322021484
694,15,CCCCCC[N+](CC)(CCC)CCCC,153959333.0,butyl-ethyl-hexyl-propylazanium,228.44,C15H34N+,144.0,11.0,16.0,5.1,,,,,,7.552465438842773
695,15,CCCCCC[N+](CCC)(CCC)CCC,20376280.0,hexyl(tripropyl)azanium,228.44,C15H34N+,125.0,11.0,16.0,5.3,1384116-44-2,61175-78-8,,,,7.744277000427246
718,15,CCCCC[N+](C)(CCCC)CCCCC,54255437.0,butyl-methyl-dipentylazanium,228.44,C15H34N+,132.0,11.0,16.0,5.1,,,,,,7.638314247131348
728,15,CCCCC[N+](CC)(CCC)CCCCC,118020676.0,ethyl-dipentyl-propylazanium,228.44,C15H34N+,132.0,11.0,16.0,5.1,,,,,,7.808727264404297
730,15,CCCCC[N+](CC)(CCCC)CCCC,118020723.0,dibutyl-ethyl-pentylazanium,228.44,C15H34N+,134.0,11.0,16.0,4.9,,,,,,8.049972534179688
732,15,CCCCC[N+](CCC)(CCC)CCCC,87492071.0,butyl-pentyl-dipropylazanium,228.44,C15H34N+,136.0,11.0,16.0,5.1,,,,,,7.874965667724609
753,15,CCCC[N+](C)(CCCC)CC(C)CCC,153210369.0,dibutyl-methyl-(2-methylpentyl)azanium,228.44,C15H34N+,146.0,10.0,16.0,5.0,,,,,,7.842104911804199
775,15,CCCC[N+](CCC)(CCCC)CC(C)C,148152475.0,dibutyl-(2-methylpropyl)-propylazanium,228.44,C15H34N+,144.0,10.0,16.0,5.0,,,,,,7.973341941833496
776,15,CCCC[N+](CCC)(CCCC)CCCC,5248503.0,tributyl(propyl)azanium,228.44,C15H34N+,121.0,11.0,16.0,4.9,,36477-16-4,22426-21-7,,,7.921850204467773
826,16,CC(C)(C)C[N+](C)(CC(C)(C)C)CC(C)(C)C,25069002.0,"tris(2,2-dimethylpropyl)-methylazanium",242.46,C16H36N+,191.0,6.0,17.0,5.5,,,,,,7.950209617614746
836,16,CC(C)CC[N+](C)(CCC(C)C)CCC(C)C,59019034.0,methyl-tris(3-methylbutyl)azanium,242.46,C16H36N+,151.0,9.0,17.0,5.3,,,,,,7.898013114929199
838,16,CC(C)C[N+](CC(C)C)(CC(C)C)CC(C)C,13726126.0,tetrakis(2-methylpropyl)azanium,242.46,C16H36N+,146.0,8.0,17.0,5.6,,,,,,
916,16,CCCC(C)CCC[N+](C)(CC)CC(C)CC,123793064.0,ethyl-methyl-(2-methylbutyl)-(4-methylheptyl)azanium,242.46,C16H36N+,178.0,10.0,17.0,5.5,,,,,,7.244463920593262
1021,16,CCCCCCCCCCCCC[N+](C)(C)C,11484094.0,trimethyl(tridecyl)azanium,242.46,C16H36N+,146.0,12.0,17.0,6.4,19727-46-9,,,,,6.569677352905273
1022,16,CCCCCCCCCCCC[N+](C)(C)CC,62471.0,dodecyl-ethyl-dimethylazanium,242.46,C16H36N+,152.0,12.0,17.0,6.2,1001-66-7,68207-00-1,41431-84-9,,,6.524275779724121
1023,16,CCCCCCCCCCC[N+](C)(C)CCC,54067909.0,dimethyl-propyl-undecylazanium,242.46,C16H36N+,152.0,12.0,17.0,6.2,,,,,,6.32222843170166
1025,16,CCCCCCCCCC[N+](C)(C)CC(C)C,153847355.0,decyl-dimethyl-(2-methylpropyl)azanium,242.46,C16H36N+,161.0,11.0,17.0,6.1,,,,,,6.8701677322387695
1026,16,CCCCCCCCCC[N+](C)(C)CCCC,57255541.0,butyl-decyl-dimethylazanium,242.46,C16H36N+,152.0,12.0,17.0,6.0,,187731-25-5,,,,6.773510456085205
1028,16,CCCCCCCCCC[N+](CC)(CC)CC,9835339.0,decyl(triethyl)azanium,242.46,C16H36N+,141.0,12.0,17.0,5.9,38443-60-6,5090-03-9,169898-89-9,,,6.457707405090332
1031,16,CCCCCCCCC[N+](C)(C)CCC(C)C,159915859.0,dimethyl-(3-methylbutyl)-nonylazanium,242.46,C16H36N+,161.0,11.0,17.0,5.9,,,,,,6.908394813537598
1032,16,CCCCCCCCC[N+](C)(C)CCCCC,87493818.0,dimethyl-nonyl-pentylazanium,242.46,C16H36N+,152.0,12.0,17.0,6.0,,,,,,7.119366645812988
1034,16,CCCCCCCCC[N+](C)(CC)CCCC,159414620.0,butyl-ethyl-methyl-nonylazanium,242.46,C16H36N+,156.0,12.0,17.0,5.9,,,,,,6.718403339385986
1040,16,CCCCCCCC[N+](C)(C)CCCC(C)C,161625672.0,dimethyl-(4-methylpentyl)-octylazanium,242.46,C16H36N+,161.0,11.0,17.0,5.7,,,,,,7.279513359069824
1041,16,CCCCCCCC[N+](C)(C)CCCCCC,44630345.0,hexyl-dimethyl-octylazanium,242.46,C16H36N+,152.0,12.0,17.0,6.0,122032-50-2,"680-033-0, 187731-26-6",,,,7.254139900207519
1045,16,CCCCCCCC[N+](C)(CC)CCCCC,123637971.0,ethyl-methyl-octyl-pentylazanium,242.46,C16H36N+,156.0,12.0,17.0,5.9,,,,,,7.2210283279418945
1047,16,CCCCCCCC[N+](C)(CCC)CCCC,141640656.0,butyl-methyl-octyl-propylazanium,242.46,C16H36N+,156.0,12.0,17.0,5.8,,,,,,7.271493911743164
1049,16,CCCCCCCC[N+](CC)(CC)CCCC,127262847.0,butyl-diethyl-octylazanium,242.46,C16H36N+,150.0,12.0,17.0,5.7,,,,,,7.536913871765137
1056,16,CCCCCCC[N+](C)(C)CCCCC(C)C,157100788.0,heptyl-dimethyl-(5-methylhexyl)azanium,242.46,C16H36N+,161.0,11.0,17.0,5.7,,,,,,7.26326847076416
1057,16,CCCCCCC[N+](C)(C)CCCCCCC,17912687.0,diheptyl(dimethyl)azanium,242.46,C16H36N+,136.0,12.0,17.0,6.0,106128-47-6,187731-22-2,,,,7.389514446258545
1063,16,CCCCCCC[N+](C)(CC)CCCCCC,175528723.0,ethyl-heptyl-hexyl-methylazanium,242.46,C16H36N+,156.0,12.0,17.0,5.9,,,,,,7.569454669952393
1067,16,CCCCCCC[N+](C)(CCC)CCCCC,71382092.0,heptyl-methyl-pentyl-propylazanium,242.46,C16H36N+,156.0,12.0,17.0,5.8,,,628724-40-3,,,7.358293533325195
1069,16,CCCCCCC[N+](C)(CCCC)CCCC,150372540.0,dibutyl-heptyl-methylazanium,242.46,C16H36N+,146.0,12.0,17.0,5.7,,,,,,7.362724304199219
1076,16,CCCCCCC[N+](CCC)(CCC)CCC,20266119.0,heptyl(tripropyl)azanium,242.46,C16H36N+,137.0,12.0,17.0,5.8,,187731-24-4,,,,7.478604316711426
1097,16,CCCCCC[N+](C)(CCC)CCCCCC,58935187.0,dihexyl-methyl-propylazanium,242.46,C16H36N+,142.0,12.0,17.0,5.8,,,,,,7.782547950744629
1101,16,CCCCCC[N+](C)(CCCC)CCCCC,87508904.0,butyl-hexyl-methyl-pentylazanium,242.46,C16H36N+,156.0,12.0,17.0,5.7,,,,,,7.507656574249268
1108,16,CCCCCC[N+](CC)(CC)CCCCCC,20092195.0,diethyl(dihexyl)azanium,242.46,C16H36N+,136.0,12.0,17.0,5.7,,75174-76-4,,,,7.754641532897949
1114,16,CCCCCC[N+](CC)(CCCC)CCCC,151792739.0,dibutyl-ethyl-hexylazanium,242.46,C16H36N+,146.0,12.0,17.0,5.5,,,,,,7.674884796142578
1116,16,CCCCCC[N+](CCC)(CCC)CCCC,23088825.0,butyl-hexyl-dipropylazanium,242.46,C16H36N+,148.0,12.0,17.0,5.7,,,,,,7.656289577484131
1146,16,CCCCC[N+](C)(CCCCC)CCCCC,13767188.0,methyl(tripentyl)azanium,242.46,C16H36N+,127.0,12.0,17.0,5.7,,,,,,7.914268493652344
1163,16,CCCCC[N+](CC)(CCCC)CCCCC,118020801.0,butyl-ethyl-dipentylazanium,242.46,C16H36N+,144.0,12.0,17.0,5.5,,,,,,7.814323425292969
1164,16,CCCCC[N+](CC)(CCCCC)CC(C)C,87479471.0,ethyl-(2-methylpropyl)-dipentylazanium,242.46,C16H36N+,153.0,11.0,17.0,5.6,,,,,,7.802158355712891
1169,16,CCCCC[N+](CCC)(CCC)CCCCC,85717237.0,dipentyl(dipropyl)azanium,242.46,C16H36N+,136.0,12.0,17.0,5.7,,,,,,7.745107650756836
1171,16,CCCCC[N+](CCC)(CCCC)CCCC,142514259.0,dibutyl-pentyl-propylazanium,242.46,C16H36N+,146.0,12.0,17.0,5.5,,,,,,7.764421463012695
1232,16,CCCC[N+](CCCC)(CC(C)C)CC(C)C,57477251.0,dibutyl-bis(2-methylpropyl)azanium,242.46,C16H36N+,152.0,10.0,17.0,5.4,,1627505-91-2,,,,7.955456733703613
1233,16,CCCC[N+](CCCC)(CCCC)CC(C)C,19858534.0,tributyl(2-methylpropyl)azanium,242.46,C16H36N+,141.0,11.0,17.0,5.4,,,,,,7.876625061035156
1234,16,CCCC[N+](CCCC)(CCCC)CCCC,16028.0,tetrabutylazanium,242.46,C16H36N+,116.0,12.0,17.0,5.3,"1112-67-0, 214-195-7","1643-19-2, 216-699-2","311-28-4, 206-220-5","429-41-4, 207-057-2",,8.081560134887695
1277,16,CCC[N+](CCC)(CCC(C)C)CCC(C)C,127262902.0,bis(3-methylbutyl)-dipropylazanium,242.46,C16H36N+,152.0,10.0,17.0,5.4,,,857160-34-0,,,7.7204084396362305
1579,17,CCCCCCCCCCCCCC[N+](C)(C)C,14251.0,trimethyl(tetradecyl)azanium,256.5,C17H38N+,157.0,13.0,18.0,7.0,"4574-04-3, 224-958-6","1119-97-7, 214-291-9, 8044-71-1",15934-10-8,78165-04-5,,6.137942314147949
1580,17,CCCCCCCCCCCCC[N+](C)(C)CC,87744372.0,ethyl-dimethyl-tridecylazanium,256.5,C17H38N+,163.0,13.0,18.0,6.8,,,,,,6.64874267578125
1581,17,CCCCCCCCCCCC[N+](C)(C)CCC,10786192.0,dodecyl-dimethyl-propylazanium,256.5,C17H38N+,163.0,13.0,18.0,6.8,29481-56-9,29481-57-0,,,,6.588224411010742
1582,17,CCCCCCCCCCCC[N+](C)(CC)CC,14494908.0,dodecyl-diethyl-methylazanium,256.5,C17H38N+,161.0,13.0,18.0,6.6,98342-48-4,94036-11-0,857169-24-5,,,6.6479339599609375
1584,17,CCCCCCCCCCC[N+](C)(C)CCCC,122481735.0,butyl-dimethyl-undecylazanium,256.5,C17H38N+,163.0,13.0,18.0,6.6,,,,,,7.037304878234863
1585,17,CCCCCCCCCCC[N+](C)(CC)CCC,158020210.0,ethyl-methyl-propyl-undecylazanium,256.5,C17H38N+,167.0,13.0,18.0,6.6,,,,,,6.563986778259277
1586,17,CCCCCCCCCCC[N+](CC)(CC)CC,11701609.0,triethyl(undecyl)azanium,256.5,C17H38N+,153.0,13.0,18.0,6.4,2025330-02-1,40879-55-8,,,,6.398768424987793
1589,17,CCCCCCCCCC[N+](C)(C)CCC(C)C,159915860.0,decyl-dimethyl-(3-methylbutyl)azanium,256.5,C17H38N+,172.0,12.0,18.0,6.5,,,,,,6.662433624267578
1590,17,CCCCCCCCCC[N+](C)(C)CCCCC,122481312.0,decyl-dimethyl-pentylazanium,256.5,C17H38N+,163.0,13.0,18.0,6.6,,,,,,6.692141532897949
1593,17,CCCCCCCCCC[N+](C)(CCC)CCC,127262909.0,decyl-methyl-dipropylazanium,256.5,C17H38N+,159.0,13.0,18.0,6.6,1555584-57-0,1555584-55-8,1555584-59-2,1555584-60-5,,6.660052299499512
1594,17,CCCCCCCCCC[N+](CC)(CC)CCC,150914213.0,decyl-diethyl-propylazanium,256.5,C17H38N+,161.0,13.0,18.0,6.4,,,,,,6.720251560211182
1598,17,CCCCCCCCC[N+](C)(C)CCCC(C)C,161625673.0,dimethyl-(4-methylpentyl)-nonylazanium,256.5,C17H38N+,172.0,12.0,18.0,6.3,,,,,,6.988993644714356
1599,17,CCCCCCCCC[N+](C)(C)CCCCCC,53961664.0,hexyl-dimethyl-nonylazanium,256.5,C17H38N+,163.0,13.0,18.0,6.6,,,,,,6.923440933227539
1614,17,CCCCCCCC[N+](C)(C)CCCCC(C)C,157100789.0,dimethyl-(5-methylhexyl)-octylazanium,256.5,C17H38N+,172.0,12.0,18.0,6.3,,,,,,7.1226911544799805
1615,17,CCCCCCCC[N+](C)(C)CCCCCCC,53805370.0,heptyl-dimethyl-octylazanium,256.5,C17H38N+,163.0,13.0,18.0,6.6,,78129-81-4,,,,7.223386764526367
1627,17,CCCCCCCC[N+](C)(CCCC)CCCC,127262900.0,dibutyl-methyl-octylazanium,256.5,C17H38N+,157.0,13.0,18.0,6.2,,857157-79-0,,,,7.142135620117188
1634,17,CCCCCCCC[N+](CCC)(CCC)CCC,54170758.0,octyl(tripropyl)azanium,256.5,C17H38N+,148.0,13.0,18.0,6.4,,61175-79-9,,,,7.408442497253418
1656,17,CCCCCCC[N+](C)(CCC)CCCCCC,54058603.0,heptyl-hexyl-methyl-propylazanium,256.5,C17H38N+,167.0,13.0,18.0,6.4,,,,,,7.294673919677734
1675,17,CCCCCCC[N+](CCC)(CCC)CCCC,151952654.0,butyl-heptyl-dipropylazanium,256.5,C17H38N+,159.0,13.0,18.0,6.2,,,,,,7.329006671905518
1703,17,CCCCCC[N+](C)(CCCC)CCCCCC,57010389.0,butyl-dihexyl-methylazanium,256.5,C17H38N+,153.0,13.0,18.0,6.2,,,,,,7.527491092681885
1707,17,CCCCCC[N+](C)(CCCCC)CCCCC,53812961.0,hexyl-methyl-dipentylazanium,256.5,C17H38N+,155.0,13.0,18.0,6.2,,,,,,7.921908378601074
1721,17,CCCCCC[N+](CC)(CCC)CCCC(C)C,123477148.0,ethyl-hexyl-(4-methylpentyl)-propylazanium,256.5,C17H38N+,176.0,12.0,18.0,5.9,,,,,,7.68917179107666
1734,17,CCCCCC[N+](CCC)(CCCC)CCCC,151583097.0,dibutyl-hexyl-propylazanium,256.5,C17H38N+,157.0,13.0,18.0,6.0,,,,,,7.667738914489746
1769,17,CCCCC[N+](CC(C)C)(CC(C)C)CC(C)C,19035240.0,tris(2-methylpropyl)-pentylazanium,256.5,C17H38N+,167.0,10.0,18.0,6.1,,,,,,7.866175651550293
1799,17,CCCCC[N+](CC)(CCCCC)CCCCC,14022639.0,ethyl(tripentyl)azanium,256.5,C17H38N+,138.0,13.0,18.0,6.0,1624317-15-2,,15066-82-7,,,7.690249443054199
1810,17,CCCCC[N+](CCC)(CCCC)CCCCC,54574573.0,butyl-dipentyl-propylazanium,256.5,C17H38N+,155.0,13.0,18.0,6.0,,,,,,7.849337577819824
1814,17,CCCCC[N+](CCCC)(CCCC)CCCC,3528502.0,tributyl(pentyl)azanium,256.5,C17H38N+,143.0,13.0,18.0,5.8,916772-26-4,"253-314-7, 37026-92-9",22709-08-6,60435-99-6,,7.742316246032715
1899,17,CCCC[N+](CCCC)(CCCC)CC(C)(C)C,59364675.0,"tributyl(2,2-dimethylpropyl)azanium",256.5,C17H38N+,169.0,11.0,18.0,5.8,,,,,,7.9157562255859375
1901,17,CCCC[N+](CCCC)(CCCC)CCC(C)C,18185862.0,tributyl(3-methylbutyl)azanium,256.5,C17H38N+,153.0,12.0,18.0,5.7,,43017-77-2,51136-65-3,,,7.971732139587402
1979,18,CC(C)CCCCC[N+](C)(C)CCCCCC(C)C,19706500.0,dimethyl-bis(6-methylheptyl)azanium,270.5,C18H40N+,174.0,12.0,19.0,6.5,,,,,,7.385585308074951
2376,18,CCCCCCCCCCCCCCC[N+](C)(C)C,423584.0,trimethyl(pentadecyl)azanium,270.5,C18H40N+,169.0,14.0,19.0,7.5,73163-54-9,21424-22-6,,,,6.194623947143555
2377,18,CCCCCCCCCCCCCC[N+](C)(C)CC,110474.0,ethyl-dimethyl-tetradecylazanium,270.5,C18H40N+,175.0,14.0,19.0,7.3,,"271-290-6, 68527-84-4",,,,
2378,18,CCCCCCCCCCCCC[N+](C)(C)CCC,159160365.0,dimethyl-propyl-tridecylazanium,270.5,C18H40N+,175.0,14.0,19.0,7.3,,,,,,
2380,18,CCCCCCCCCCCC[N+](C)(C)CC(C)C,85551862.0,dodecyl-dimethyl-(2-methylpropyl)azanium,270.5,C18H40N+,184.0,13.0,19.0,7.2,,,,,,6.424427032470703
2381,18,CCCCCCCCCCCC[N+](C)(C)CCCC,407819.0,butyl-dodecyl-dimethylazanium,270.5,C18H40N+,175.0,14.0,19.0,7.1,29481-59-2,29481-60-5,,,,6.374126434326172
2382,18,CCCCCCCCCCCC[N+](C)(CC)CCC,14494857.0,dodecyl-ethyl-methyl-propylazanium,270.5,C18H40N+,179.0,14.0,19.0,7.1,,,,,,
2383,18,CCCCCCCCCCCC[N+](CC)(CC)CC,28940.0,dodecyl(triethyl)azanium,270.5,C18H40N+,164.0,14.0,19.0,7.0,23358-96-5,18186-71-5,,,,6.546507835388184
2386,18,CCCCCCCCCCC[N+](C)(C)CCC(C)C,157493963.0,dimethyl-(3-methylbutyl)-undecylazanium,270.5,C18H40N+,184.0,13.0,19.0,7.0,,,,,,6.823614120483398
2387,18,CCCCCCCCCCC[N+](C)(C)CCCCC,122481535.0,dimethyl-pentyl-undecylazanium,270.5,C18H40N+,175.0,14.0,19.0,7.1,,,,,,7.078862190246582
2391,18,CCCCCCCCCCC[N+](CC)(CC)CCC,87491732.0,diethyl-propyl-undecylazanium,270.5,C18H40N+,173.0,14.0,19.0,6.9,,,,,,
2395,18,CCCCCCCCCC[N+](C)(C)CCCC(C)C,161625674.0,decyl-dimethyl-(4-methylpentyl)azanium,270.5,C18H40N+,184.0,13.0,19.0,6.8,,,,,,
2396,18,CCCCCCCCCC[N+](C)(C)CCCCCC,19369139.0,decyl-hexyl-dimethylazanium,270.5,C18H40N+,175.0,14.0,19.0,7.1,,,,,,
2400,18,CCCCCCCCCC[N+](C)(CC)CCCCC,160997003.0,decyl-ethyl-methyl-pentylazanium,270.5,C18H40N+,179.0,14.0,19.0,6.9,,,,,,
2405,18,CCCCCCCCCC[N+](CC)(CCC)CCC,152402758.0,decyl-ethyl-dipropylazanium,270.5,C18H40N+,171.0,14.0,19.0,6.9,,,,,,6.764012336730957
2411,18,CCCCCCCCC[N+](C)(C)CCCCC(C)C,157100790.0,dimethyl-(5-methylhexyl)-nonylazanium,270.5,C18H40N+,184.0,13.0,19.0,6.8,,,,,,
2412,18,CCCCCCCCC[N+](C)(C)CCCCCCC,122481686.0,heptyl-dimethyl-nonylazanium,270.5,C18H40N+,175.0,14.0,19.0,7.1,,,,,,
2428,18,CCCCCCCCC[N+](CC)(CC)CCCCC,22408859.0,diethyl-nonyl-pentylazanium,270.5,C18H40N+,173.0,14.0,19.0,6.8,,,,,,
2431,18,CCCCCCCCC[N+](CCC)(CCC)CCC,22408878.0,nonyl(tripropyl)azanium,270.5,C18H40N+,160.0,14.0,19.0,6.9,,57412-88-1,,,,7.261050224304199
2439,18,CCCCCCCC[N+](C)(C)CCCCCCCC,62582.0,dimethyl(dioctyl)azanium,270.5,C18H40N+,157.0,14.0,19.0,7.1,"5538-94-3, 226-901-0","221-189-8, 3026-69-5",39750-05-5,,,7.240822792053223
2465,18,CCCCCCCC[N+](CC)(CC)CCCCCC,88102340.0,diethyl-hexyl-octylazanium,270.5,C18H40N+,173.0,14.0,19.0,6.8,,,,,,7.396594047546387
2471,18,CCCCCCCC[N+](CC)(CCCC)CCCC,152181181.0,dibutyl-ethyl-octylazanium,270.5,C18H40N+,169.0,14.0,19.0,6.6,,,,,,7.20407772064209
2473,18,CCCCCCCC[N+](CCC)(CCC)CCCC,87493375.0,butyl-octyl-dipropylazanium,270.5,C18H40N+,171.0,14.0,19.0,6.7,,,,,,7.31336498260498
2502,18,CCCCCCC[N+](C)(CCCC)CCCCCC,175529229.0,butyl-heptyl-hexyl-methylazanium,270.5,C18H40N+,179.0,14.0,19.0,6.7,,,,,,7.616761207580566
2516,18,CCCCCCC[N+](CC)(CC)CCCCCCC,87534239.0,diethyl(diheptyl)azanium,270.5,C18H40N+,157.0,14.0,19.0,6.8,,,,,,7.363414764404297
2570,18,CCCCCC[N+](C)(CCCCC)CCCCCC,23534989.0,dihexyl-methyl-pentylazanium,270.5,C18H40N+,165.0,14.0,19.0,6.7,,,,,,7.655251502990723
2574,18,CCCCCC[N+](CC(C)C)(CC(C)C)CC(C)C,176583038.0,hexyl-tris(2-methylpropyl)azanium,270.5,C18H40N+,179.0,11.0,19.0,6.6,,,,,,7.814540863037109
2607,18,CCCCCC[N+](CC)(CCCCCC)CC(C)C,87480234.0,ethyl-dihexyl-(2-methylpropyl)azanium,270.5,C18H40N+,174.0,13.0,19.0,6.6,,,,,,7.450028419494629
2615,18,CCCCCC[N+](CCC)(CCC)CCCCCC,23088856.0,dihexyl(dipropyl)azanium,270.5,C18H40N+,157.0,14.0,19.0,6.7,,,,,,7.710604667663574
2623,18,CCCCCC[N+](CCCC)(CCCC)CCCC,19858518.0,tributyl(hexyl)azanium,270.5,C18H40N+,155.0,14.0,19.0,6.4,,37026-90-7,,,,7.851616859436035
2730,18,CCCCC[N+](CCC)(CCCCC)CCCCC,14022636.0,tripentyl(propyl)azanium,270.5,C18H40N+,150.0,14.0,19.0,6.6,,102394-41-2,,,,7.947841644287109
2737,18,CCCCC[N+](CCCC)(CCCC)CCCCC,87534260.0,dibutyl(dipentyl)azanium,270.5,C18H40N+,157.0,14.0,19.0,6.4,,897665-05-3,,,,7.675312995910644
2848,18,CCCC[N+](CCCC)(CCC(C)C)CCC(C)C,44721198.0,dibutyl-bis(3-methylbutyl)azanium,270.5,C18H40N+,174.0,12.0,19.0,6.2,,,,,,7.774200439453125
2854,18,CCCC[N+](CCCC)(CCCC)CCCC(C)C,150353238.0,tributyl(4-methylpentyl)azanium,270.5,C18H40N+,164.0,13.0,19.0,6.1,,,,,,7.83076286315918
3487,19,CCCCCCCCCCCCCCCC[N+](C)(C)C,2681.0,hexadecyl(trimethyl)azanium,284.5,C19H42N+,181.0,15.0,20.0,8.0,"112-02-7, 203-928-6","57-09-0, 200-311-3, 347841-42-3",7192-88-3,14002-56-3,,6.282365798950195
3488,19,CCCCCCCCCCCCCCC[N+](C)(C)CC,2724228.0,ethyl-dimethyl-pentadecylazanium,284.5,C19H42N+,186.0,15.0,20.0,7.9,,,,,,6.454482078552246
3489,19,CCCCCCCCCCCCCC[N+](C)(C)CCC,19704734.0,dimethyl-propyl-tetradecylazanium,284.5,C19H42N+,186.0,15.0,20.0,7.8,,,,,,6.324103355407715
3490,19,CCCCCCCCCCCCCC[N+](C)(CC)CC,54500718.0,diethyl-methyl-tetradecylazanium,284.5,C19H42N+,184.0,15.0,20.0,7.7,,,,,,6.237227439880371
3492,19,CCCCCCCCCCCCC[N+](C)(C)CCCC,53775594.0,butyl-dimethyl-tridecylazanium,284.5,C19H42N+,186.0,15.0,20.0,7.7,,,,,,6.482345581054688
3494,19,CCCCCCCCCCCCC[N+](CC)(CC)CC,10446619.0,triethyl(tridecyl)azanium,284.5,C19H42N+,176.0,15.0,20.0,7.5,,,,,,6.361270904541016
3497,19,CCCCCCCCCCCC[N+](C)(C)CCC(C)C,85551865.0,dodecyl-dimethyl-(3-methylbutyl)azanium,284.5,C19H42N+,196.0,14.0,20.0,7.6,,,,,,6.767322540283203
3498,19,CCCCCCCCCCCC[N+](C)(C)CCCCC,54510551.0,dodecyl-dimethyl-pentylazanium,284.5,C19H42N+,186.0,15.0,20.0,7.7,,,,,,6.505744934082031
3500,19,CCCCCCCCCCCC[N+](C)(CC)CCCC,14494864.0,butyl-dodecyl-ethyl-methylazanium,284.5,C19H42N+,190.0,15.0,20.0,7.5,,,,,,6.433779716491699
3501,19,CCCCCCCCCCCC[N+](C)(CCC)CCC,118583984.0,dodecyl-methyl-dipropylazanium,284.5,C19H42N+,182.0,15.0,20.0,7.7,,,,,,6.511088371276856
3502,19,CCCCCCCCCCCC[N+](CC)(CC)CCC,14494918.0,dodecyl-diethyl-propylazanium,284.5,C19H42N+,184.0,15.0,20.0,7.5,,,,,,6.362658500671387
3506,19,CCCCCCCCCCC[N+](C)(C)CCCC(C)C,157819828.0,dimethyl-(4-methylpentyl)-undecylazanium,284.5,C19H42N+,196.0,14.0,20.0,7.4,,,,,,7.005990028381348
3507,19,CCCCCCCCCCC[N+](C)(C)CCCCCC,19369143.0,hexyl-dimethyl-undecylazanium,284.5,C19H42N+,186.0,15.0,20.0,7.7,,,,,,6.718969821929932
3515,19,CCCCCCCCCCC[N+](CC)(CC)CCCC,87495438.0,butyl-diethyl-undecylazanium,284.5,C19H42N+,184.0,15.0,20.0,7.3,,,,,,6.5650634765625
3522,19,CCCCCCCCCC[N+](C)(C)CCCCC(C)C,157100791.0,decyl-dimethyl-(5-methylhexyl)azanium,284.5,C19H42N+,196.0,14.0,20.0,7.4,,,,,,7.071881294250488
3523,19,CCCCCCCCCC[N+](C)(C)CCCCCCC,87129446.0,decyl-heptyl-dimethylazanium,284.5,C19H42N+,186.0,15.0,20.0,7.7,,,,,,7.058371067047119
3524,19,CCCCCCCCCC[N+](C)(CC(C)C)CC(C)C,176583048.0,decyl-methyl-bis(2-methylpropyl)azanium,284.5,C19H42N+,198.0,13.0,20.0,7.4,,,,,,6.960942268371582
3535,19,CCCCCCCCCC[N+](C)(CCCC)CCCC,13743819.0,dibutyl-decyl-methylazanium,284.5,C19H42N+,180.0,15.0,20.0,7.3,,,,,,6.693912506103516
3542,19,CCCCCCCCCC[N+](CCC)(CCC)CCC,18778973.0,decyl(tripropyl)azanium,284.5,C19H42N+,171.0,15.0,20.0,7.5,,,,,,6.929201602935791
3550,19,CCCCCCCCC[N+](C)(C)CCCCCCCC,85623243.0,dimethyl-nonyl-octylazanium,284.5,C19H42N+,186.0,15.0,20.0,7.7,,,,,,7.2166748046875
3597,19,CCCCCCCC[N+](C)(CC)CCCCCCCC,54567820.0,ethyl-methyl-dioctylazanium,284.5,C19H42N+,172.0,15.0,20.0,7.5,,,,,,7.526773452758789
3614,19,CCCCCCCC[N+](C)(CCCC)CCCCCC,71382090.0,butyl-hexyl-methyl-octylazanium,284.5,C19H42N+,190.0,15.0,20.0,7.3,,,628724-41-4,,,7.423109531402588
3628,19,CCCCCCCC[N+](CC)(CC)CCCCCCC,54251353.0,diethyl-heptyl-octylazanium,284.5,C19H42N+,184.0,15.0,20.0,7.3,,,,,,7.247952461242676
3644,19,CCCCCCCC[N+](CCC)(CCC)CCCCC,87493236.0,octyl-pentyl-dipropylazanium,284.5,C19H42N+,182.0,15.0,20.0,7.3,,,,,,7.477703094482422
3683,19,CCCCCCC[N+](C)(CCCCC)CCCCCC,175529073.0,heptyl-hexyl-methyl-pentylazanium,284.5,C19H42N+,190.0,15.0,20.0,7.3,,,,,,7.607407093048096
3738,19,CCCCCCC[N+](CCCC)(CCCC)CCCC,5003685.0,tributyl(heptyl)azanium,284.5,C19H42N+,166.0,15.0,20.0,6.9,,"85169-31-9, 285-974-7",,,,7.660479545593262
3791,19,CCCCCC[N+](C)(CCCCCC)CCCCCC,11783458.0,trihexyl(methyl)azanium,284.5,C19H42N+,157.0,15.0,20.0,7.3,,2390-64-9,,,,7.735229015350342
3866,19,CCCCCC[N+](CCCC)(CCCC)CCCCC,87494935.0,dibutyl-hexyl-pentylazanium,284.5,C19H42N+,180.0,15.0,20.0,6.9,,,,,,7.942105293273926
4024,19,CCCCC[N+](CCCC)(CCCCC)CCCCC,14022644.0,butyl(tripentyl)azanium,284.5,C19H42N+,162.0,15.0,20.0,6.9,,,,,,7.850066184997559
4109,19,CCCC[N+](CCC(C)C)(CCC(C)C)CCC(C)C,53848608.0,butyl-tris(3-methylbutyl)azanium,284.5,C19H42N+,187.0,12.0,20.0,6.6,88478-55-1,7322-37-4,5709-78-4,,,
4267,20,CC(C)(C)C[N+](CC(C)(C)C)(CC(C)(C)C)CC(C)(C)C,87321616.0,"tetrakis(2,2-dimethylpropyl)azanium",298.6,C20H44N+,242.0,8.0,21.0,7.2,,,,,,
4291,20,CC(C)CC[N+](CCC(C)C)(CCC(C)C)CCC(C)C,21542.0,tetrakis(3-methylbutyl)azanium,298.6,C20H44N+,187.0,12.0,21.0,7.0,32795-95-2,,5424-26-0,3799-05-1,,
5012,20,CCCCCCCCCCCCCCCCC[N+](C)(C)C,46049.0,heptadecyl(trimethyl)azanium,298.6,C20H44N+,193.0,16.0,21.0,8.6,,"21424-24-8, 808-120-2",,,,6.369807720184326
5013,20,CCCCCCCCCCCCCCCC[N+](C)(C)CC,31281.0,ethyl-hexadecyl-dimethylazanium,298.6,C20H44N+,198.0,16.0,21.0,8.4,13264-41-0,"124-03-8, 204-672-8",,,,6.295670986175537
5014,20,CCCCCCCCCCCCCCC[N+](C)(C)CCC,175568559.0,dimethyl-pentadecyl-propylazanium,298.6,C20H44N+,198.0,16.0,21.0,8.4,,,,,,6.334868431091309
5017,20,CCCCCCCCCCCCCC[N+](C)(C)CCCC,13075676.0,butyl-dimethyl-tetradecylazanium,298.6,C20H44N+,198.0,16.0,21.0,8.2,,,,,,6.258044242858887
5019,20,CCCCCCCCCCCCCC[N+](CC)(CC)CC,28911.0,triethyl(tetradecyl)azanium,298.6,C20H44N+,188.0,16.0,21.0,8.0,,18144-35-9,,,,6.489656448364258
5022,20,CCCCCCCCCCCCC[N+](C)(C)CCC(C)C,157493964.0,dimethyl-(3-methylbutyl)-tridecylazanium,298.6,C20H44N+,208.0,15.0,21.0,8.1,,,,,,6.541719436645508
5023,20,CCCCCCCCCCCCC[N+](C)(C)CCCCC,160884159.0,dimethyl-pentyl-tridecylazanium,298.6,C20H44N+,198.0,16.0,21.0,8.2,,,,,,6.571815490722656
5031,20,CCCCCCCCCCCC[N+](C)(C)CCCC(C)C,157819829.0,dodecyl-dimethyl-(4-methylpentyl)azanium,298.6,C20H44N+,208.0,15.0,21.0,7.9,,,,,,6.856045722961426
5032,20,CCCCCCCCCCCC[N+](C)(C)CCCCCC,53898943.0,dodecyl-hexyl-dimethylazanium,298.6,C20H44N+,198.0,16.0,21.0,8.2,,,,,,6.717000961303711
5040,20,CCCCCCCCCCCC[N+](CC)(CC)CCCC,86108924.0,butyl-dodecyl-diethylazanium,298.6,C20H44N+,196.0,16.0,21.0,7.8,,,,,,6.745696067810059
5041,20,CCCCCCCCCCCC[N+](CC)(CCC)CCC,54298149.0,dodecyl-ethyl-dipropylazanium,298.6,C20H44N+,194.0,16.0,21.0,8.0,,,,,,6.630887985229492
5047,20,CCCCCCCCCCC[N+](C)(C)CCCCC(C)C,160742676.0,dimethyl-(5-methylhexyl)-undecylazanium,298.6,C20H44N+,208.0,15.0,21.0,7.9,,,,,,6.7941484451293945
5048,20,CCCCCCCCCCC[N+](C)(C)CCCCCCC,122480849.0,heptyl-dimethyl-undecylazanium,298.6,C20H44N+,198.0,16.0,21.0,8.2,,,,,,6.559747695922852
5067,20,CCCCCCCCCCC[N+](CCC)(CCC)CCC,21869091.0,tripropyl(undecyl)azanium,298.6,C20H44N+,183.0,16.0,21.0,8.0,,,,,,6.621010780334473
5075,20,CCCCCCCCCC[N+](C)(C)CCCCCCCC,61907.0,decyl-dimethyl-octylazanium,298.6,C20H44N+,198.0,16.0,21.0,8.2,"32426-11-2, 251-035-5",138416-93-0,,,,7.297401428222656
5090,20,CCCCCCCCCC[N+](C)(CCC)CCCCCC,139745001.0,decyl-hexyl-methyl-propylazanium,298.6,C20H44N+,202.0,16.0,21.0,8.0,,,,,,7.251226425170898
5110,20,CCCCCCCCC[N+](C)(C)CCCCCCCCC,19706495.0,dimethyl-di(nonyl)azanium,298.6,C20H44N+,178.0,16.0,21.0,8.2,23375-64-6,861885-77-0,,,,7.189357757568359
5123,20,CCCCCCCCC[N+](C)(CC)CCCCCCCC,175528867.0,ethyl-methyl-nonyl-octylazanium,298.6,C20H44N+,202.0,16.0,21.0,8.0,,,,,,7.211695194244385
5193,20,CCCCCCCC[N+](C)(CCC)CCCCCCCC,52936837.0,methyl-dioctyl-propylazanium,298.6,C20H44N+,184.0,16.0,21.0,8.0,,,,,,7.351104736328125
5228,20,CCCCCCCC[N+](CC)(CC)CCCCCCCC,19602104.0,diethyl(dioctyl)azanium,298.6,C20H44N+,178.0,16.0,21.0,7.8,,94036-13-2,,,,7.396151065826416
5258,20,CCCCCCCC[N+](CCC)(CCC)CCCCCC,87492278.0,hexyl-octyl-dipropylazanium,298.6,C20H44N+,194.0,16.0,21.0,7.8,,,,,,7.395405769348144
5262,20,CCCCCCCC[N+](CCC)(CCCC)CCCCC,18317197.0,butyl-octyl-pentyl-propylazanium,298.6,C20H44N+,202.0,16.0,21.0,7.6,,,,,,7.322787761688232
5266,20,CCCCCCCC[N+](CCCC)(CCCC)CCCC,408233.0,tributyl(octyl)azanium,298.6,C20H44N+,178.0,16.0,21.0,7.9,,61175-80-2,39750-04-4,,,7.624053001403809
5320,20,CCCCCCC[N+](C)(CCCCCC)CCCCCC,175529579.0,heptyl-dihexyl-methylazanium,298.6,C20H44N+,188.0,16.0,21.0,7.8,,,,,,7.670844078063965
5383,20,CCCCCCC[N+](CCC)(CCC)CCCCCCC,87534339.0,diheptyl(dipropyl)azanium,298.6,C20H44N+,178.0,16.0,21.0,7.8,,,,,,7.69056510925293
5519,20,CCCCCC[N+](CC)(CCCCCC)CCCCCC,14022641.0,ethyl(trihexyl)azanium,298.6,C20H44N+,169.0,16.0,21.0,7.6,,61175-73-3,,,,
5578,20,CCCCCC[N+](CCCC)(CCCC)CCCCCC,87534272.0,dibutyl(dihexyl)azanium,298.6,C20H44N+,178.0,16.0,21.0,7.4,,,,,,
5749,20,CCCCC[N+](CCC)(CCCCC)CCCCC(C)C,123559899.0,5-methylhexyl-dipentyl-propylazanium,298.6,C20H44N+,200.0,15.0,21.0,7.3,,,,,,7.58755350112915
5797,20,CCCCC[N+](CCCCC)(CCCCC)CCCCC,17249.0,tetrapentylazanium,298.6,C20H44N+,155.0,16.0,21.0,7.4,"4965-17-7, 225-606-4","866-97-7, 212-756-0","2498-20-6, 219-688-0",69468-58-2,,8.01235294342041
5955,20,CCCC[N+](CCCC)(CCCC)CCCCC(C)CC,161051619.0,tributyl(5-methylheptyl)azanium,298.6,C20H44N+,190.0,15.0,21.0,7.2,,,,,,7.615954399108887
